user_id,name,email,created_at,address_id,street,city,state,zipcode,country
1,Ruth Gregory,copelandtyler@gmail.com,2022-10-24T20:05:04,1001,3861 Richardson Crossroad Suite 430,South Davidshire,IA,47048,USA
2,David Jones,robert83@todd-phillips.com,2021-10-04T01:09:47,1002,173 Christopher Fork Suite 511,Port Mariaview,NH,99011,USA
3,Noah Farley DDS,tharris@wright.com,2022-11-17T20:11:08,1003,074 Jon Brook Suite 773,South Davidport,OH,48813,USA
4,Kyle Steele,barbarajones@gmail.com,2024-07-07T20:04:05,1004,143 Moore Trafficway Apt. 817,Lake Coltonmouth,NE,67946,USA
5,David Barber,bradleygonzales@yahoo.com,2025-03-17T22:11:17,1005,0401 Jacobson Parks,Anthonyfort,IN,08795,USA
6,Samantha Pittman,matthew38@lambert.info,2024-04-04T08:44:24,1006,88924 Stephanie Glen Suite 694,Powellfort,OH,79101,USA
7,Mr. Robert Hanna,uclarke@parsons.com,2022-04-02T12:47:32,1007,39218 Marcia Shore Apt. 626,Port Nicolebury,SC,42608,USA
8,Dawn Campbell,bruceanderson@hotmail.com,2020-05-16T01:52:00,1008,67145 Jenkins Lane,Lake Johnville,IN,72097,USA
9,Katherine Cunningham,heatheradams@lambert.com,2020-02-25T02:50:02,1009,08903 Donaldson Via,Jacksonstad,PA,36171,USA
10,Chloe Hunter,ericmejia@hotmail.com,2022-01-02T19:41:37,1010,85021 Robert Shore Suite 320,Bowmanton,MT,02476,USA
11,Christina Miller,nathancalhoun@cardenas.org,2020-10-19T01:26:39,1011,15085 Hernandez Plaza Suite 025,Reynoldsshire,AK,35092,USA
12,Richard Wilson,jclark@johnson.com,2021-11-08T03:08:31,1012,45762 Jones Port Suite 157,Port Jennifer,GA,29599,USA
13,Rachel Freeman,josephsalazar@smith-nixon.com,2023-08-15T00:51:29,1013,479 Zachary Manors Suite 172,Jasmineland,ME,43062,USA
14,Laura Robinson,kelly67@hotmail.com,2021-04-06T02:42:06,1014,4096 Sarah Falls,South Louis,UT,67821,USA
15,Marcus Howard,brian41@hotmail.com,2024-01-09T05:11:13,1015,9704 Angela Point,East Daniel,CA,10734,USA
16,Alexander Mcpherson,millswilliam@yahoo.com,2024-10-27T15:23:16,1016,9449 Howell Land,West Brianport,LA,86151,USA
17,Kaitlyn Jimenez,natashaalvarado@hotmail.com,2024-07-17T10:32:48,1017,8026 Holt Meadows Apt. 712,Williamsonmouth,ID,93496,USA
18,Mark Sullivan,danielbaker@yahoo.com,2021-01-17T19:14:36,1018,0043 Laurie Station Suite 888,Port Davidmouth,OR,31773,USA
19,Isabel Hernandez,kayala@roberts.com,2020-03-28T19:56:10,1019,37651 Hill Vista Suite 876,Davishaven,MD,02197,USA
20,Betty Griffin,georgehunter@yahoo.com,2023-05-05T06:40:54,1020,414 Alexander Bypass,Juliebury,MT,21017,USA